code,name,email,address,phone
BQF,Pioneer Partners,accounts@pioneerpartners666.com,88 Boulevard Victor Hugo Tours,+33186388577
JGK,Pioneer Holdings,info@pioneerholdings123.com,23 Boulevard Victor Hugo Nantes,+33034681311
VLA,Helios Services,admin@heliosservices707.com,167 Rue de la Paix Lyon,+33252260540
PQZ,Apollo Partners,office@apollopartners703.com,8 Rue Nationale Caen,+33351822703
XPL,Aquila Group,admin@aquilagroup474.com,63 Rue de la Paix Brest,+33759820946
IZQ,Neon Consulting,sales@neonconsulting257.com,75 Rue de la Paix Paris,+33333878913
MVA,Phoenix Logistics,support@phoenixlogistics857.com,145 Boulevard Victor Hugo Grenoble,+33147945861
VGT,Krypton Holdings,office@kryptonholdings48.com,52 Rue Pasteur Annecy,+33687671230
JMA,Nova Solutions,billing@novasolutions731.com,130 Rue Pasteur Lille,+33540588616
LJW,Nimbus Distribution,contact@nimbusdistribution457.com,166 Rue Pasteur Nice,+33822926737
NJW,Vertex Industries,service@vertexindustries55.com,119 Boulevard Carnot Caen,+33946262064
ANZ,Krypton Consulting,accounts@kryptonconsulting708.com,122 Rue des Acacias Rouen,+33724605391
IEC,Atlas Partners,info@atlaspartners873.com,97 Rue Nationale Marseille,+33359409657
ORP,Cosmos Consulting,admin@cosmosconsulting525.com,40 Boulevard Carnot Nantes,+33691867762
OGH,Phoenix Group,admin@phoenixgroup872.com,188 Rue de la Gare Rouen,+33344382454
NRT,Krypton Group,admin@kryptongroup714.com,139 Rue Pasteur Marseille,+33706475365
VYB,Nimbus Trading,contact@nimbustrading289.com,143 Boulevard Victor Hugo Reims,+33356319508
FBF,Orion Distribution,contact@oriondistribution658.com,30 Rue de la Gare Rennes,+33185203153
WLK,Apollo Solutions,billing@apollosolutions954.com,123 Rue des Acacias Rouen,+33686610532
BYX,Vertex Solutions,service@vertexsolutions701.com,135 Rue du Commerce Paris,+33620976601
POF,Cosmos Logistics,billing@cosmoslogistics557.com,105 Boulevard Carnot Annecy,+33579439857
MER,Phoenix Industries,admin@phoenixindustries94.com,128 Rue Nationale Bordeaux,+33509207926
XRY,Sigma Holdings,billing@sigmaholdings530.com,134 Rue de la Gare Paris,+33058411907
IVZ,Apollo Distribution,info@apollodistribution380.com,195 Rue du Commerce Lille,+33898718360
ROR,Vega Partners,sales@vegapartners710.com,25 Avenue de la Republique Paris,+33463937573
RVS,Nova Services,admin@novaservices304.com,195 Boulevard Victor Hugo Brest,+33495529962
CXC,Lynx Holdings,support@lynxholdings766.com,189 Rue du Commerce Lille,+33448621594
JRO,Krypton Partners,admin@kryptonpartners70.com,137 Rue Pasteur Angers,+33344326134
CZM,Atlas Trading,billing@atlastrading760.com,21 Avenue de la Republique Caen,+33342606457
HDD,Sigma Partners,office@sigmapartners688.com,108 Boulevard Victor Hugo Nice,+33300989502
ERM,Helios Industries,service@heliosindustries208.com,104 Avenue Jean Jaures Dijon,+33848655662
KZD,Delta Holdings,sales@deltaholdings841.com,59 Avenue de la Republique Lyon,+33050854783
LIS,Delta Industries,info@deltaindustries119.com,13 Boulevard Carnot Nice,+33292116819
TSH,Mercury Industries,office@mercuryindustries147.com,111 Rue Pasteur Nantes,+33353322843
RUO,Apollo Holdings,admin@apolloholdings696.com,95 Boulevard Victor Hugo Caen,+33749501900
XDO,Atlas Consulting,admin@atlasconsulting311.com,159 Avenue Jean Jaures Bordeaux,+33167967353
EBA,Titan Holdings,accounts@titanholdings92.com,52 Avenue Jean Jaures Caen,+33343041237
APR,Neon Trading,admin@neontrading121.com,15 Boulevard Carnot Reims,+33143988362
WMO,Nova Group,sales@novagroup198.com,111 Rue Pasteur Toulouse,+33310691401
JUO,Orion Services,office@orionservices966.com,161 Rue Nationale Toulouse,+33378922517
HRA,Horizon Partners,hello@horizonpartners743.com,40 Avenue de la Republique Rouen,+33793498736
ZDM,Atlas Solutions,support@atlassolutions969.com,163 Rue Nationale Lille,+33973900016
UZC,Sigma Distribution,hello@sigmadistribution595.com,7 Rue des Acacias Nantes,+33708625578
KDN,Mercury Group,sales@mercurygroup878.com,115 Rue de la Paix Lyon,+33169515690
WVA,Vertex Partners,admin@vertexpartners975.com,127 Rue du Commerce Strasbourg,+33958580744
QYM,Sigma Group,admin@sigmagroup774.com,174 Rue Pasteur Rennes,+33951810417
VZN,Neon Partners,office@neonpartners281.com,53 Rue Nationale Strasbourg,+33211870656
GTZ,Apollo Trading,accounts@apollotrading241.com,125 Boulevard Carnot Lille,+33508330453
DNK,Phoenix Services,contact@phoenixservices383.com,66 Rue des Acacias Dijon,+33424579225
HBC,Mercury Consulting,support@mercuryconsulting512.com,107 Rue du Commerce Nantes,+33426686884
JZJ,Neon Industries,contact@neonindustries710.com,111 Rue de la Gare Rouen,+33261799357
EYK,Helios Logistics,support@helioslogistics553.com,66 Boulevard Carnot Marseille,+33993146061
MUN,Atlas Industries,contact@atlasindustries403.com,111 Rue Pasteur Grenoble,+33147429415
TCL,Apollo Group,billing@apollogroup901.com,21 Rue du Commerce Annecy,+33975511667
CYQ,Lynx Logistics,hello@lynxlogistics389.com,180 Rue de la Gare Rouen,+33023685293
GCZ,Atlas Logistics,admin@atlaslogistics645.com,189 Boulevard Carnot Paris,+33463809315
IYR,Helios Partners,support@heliospartners252.com,18 Rue du Commerce Caen,+33994132303
YCP,Aquila Logistics,info@aquilalogistics835.com,58 Rue Nationale Bordeaux,+33200742827
IWN,Lynx Solutions,hello@lynxsolutions52.com,193 Boulevard Carnot Bordeaux,+33575543852
OEK,Neon Distribution,office@neondistribution797.com,14 Rue du Commerce Rouen,+33382346434
ZTH,Lynx Distribution,service@lynxdistribution584.com,124 Rue Nationale Grenoble,+33573147357
VBS,Lynx Trading,billing@lynxtrading838.com,35 Rue de la Gare Nice,+33625178682
PGL,Horizon Trading,service@horizontrading747.com,147 Rue du Commerce Annecy,+33599055679
AHC,Neon Services,contact@neonservices773.com,196 Rue de la Gare Nice,+33444493374
DSA,Vega Trading,service@vegatrading229.com,116 Rue Pasteur Toulouse,+33544969094
NHD,Aquila Holdings,hello@aquilaholdings863.com,174 Rue des Acacias Lille,+33668657166
GBO,Krypton Trading,hello@kryptontrading353.com,190 Rue Pasteur Reims,+33877675188
THC,Orion Partners,sales@orionpartners299.com,12 Rue du Commerce Rennes,+33121009550
IQH,Aquila Distribution,contact@aquiladistribution819.com,88 Rue des Acacias Paris,+33975024773
GLP,Neon Holdings,hello@neonholdings303.com,16 Boulevard Carnot Bordeaux,+33576508358
AEL,Pioneer Industries,hello@pioneerindustries266.com,148 Avenue de la Republique Strasbourg,+33083076770
OHQ,Pioneer Solutions,admin@pioneersolutions401.com,162 Rue Pasteur Angers,+33690301748
FQC,Vertex Logistics,accounts@vertexlogistics17.com,131 Avenue de la Republique Toulouse,+33159756662
GRF,Mercury Partners,billing@mercurypartners239.com,91 Rue du Commerce Rouen,+33143689845
RJU,Cosmos Distribution,accounts@cosmosdistribution259.com,164 Rue du Commerce Lyon,+33286633174
GFZ,Vega Industries,billing@vegaindustries497.com,128 Avenue de la Republique Paris,+33171425434
YOX,Vertex Trading,contact@vertextrading547.com,95 Rue Pasteur Rouen,+33939671436
LVK,Aquila Solutions,admin@aquilasolutions488.com,128 Rue de la Gare Toulouse,+33298670039
AHL,Orion Trading,support@oriontrading128.com,188 Rue du Commerce Lille,+33665201775
XDR,Phoenix Solutions,info@phoenixsolutions910.com,157 Rue de la Paix Metz,+33801366298
YGV,Mercury Holdings,info@mercuryholdings387.com,23 Avenue Jean Jaures Marseille,+33002633891
MOD,Nimbus Services,support@nimbusservices270.com,144 Rue de la Gare Nice,+33447342373
SNB,Nimbus Logistics,admin@nimbuslogistics359.com,3 Rue Pasteur Marseille,+33374294532
INK,Helios Trading,support@heliostrading546.com,194 Avenue Jean Jaures Toulouse,+33663096033
URV,Aquila Partners,support@aquilapartners482.com,33 Rue de la Gare Tours,+33554347362
JGE,Nova Logistics,accounts@novalogistics905.com,199 Boulevard Carnot Brest,+33157281927
WIM,Cosmos Services,hello@cosmosservices844.com,162 Avenue Jean Jaures Tours,+33636499499
NTJ,Neon Solutions,admin@neonsolutions600.com,190 Rue de la Gare Nantes,+33871757933
MLU,Cosmos Partners,info@cosmospartners350.com,186 Boulevard Carnot Dijon,+33424657414
ROE,Orion Group,sales@oriongroup21.com,83 Avenue de la Republique Annecy,+33032167923
DOE,Pioneer Services,hello@pioneerservices95.com,197 Rue de la Paix Bordeaux,+33670896144
SNV,Nimbus Industries,hello@nimbusindustries101.com,64 Boulevard Carnot Nantes,+33153886976
FHI,Orion Logistics,support@orionlogistics770.com,117 Avenue Jean Jaures Nantes,+33451291441
GTS,Delta Solutions,office@deltasolutions516.com,28 Rue des Acacias Paris,+33299601970
SDD,Aquila Services,support@aquilaservices641.com,40 Rue Pasteur Tours,+33115298517
XOQ,Nimbus Group,support@nimbusgroup972.com,141 Rue Pasteur Reims,+33975037342
TAB,Vega Holdings,billing@vegaholdings26.com,141 Boulevard Carnot Caen,+33605101802
AOR,Orion Solutions,office@orionsolutions666.com,2 Rue Pasteur Dijon,+33769942408
YPW,Krypton Logistics,service@kryptonlogistics426.com,98 Rue du Commerce Lyon,+33833490556
XBG,Aquila Industries,office@aquilaindustries291.com,87 Boulevard Victor Hugo Brest,+33665280585
